{
  "totalProjects": 112,
  "totalBudget": 1067920918.84,
  "categories": {
    "เกษตร": 59,
    "ท่องเที่ยว": 13,
    "การค้า": 18,
    "สังคม": 9,
    "ทรัพยากร": 13
  },
  "alignments": {
    "ปานกลาง": 14,
    "สูง": 34,
    "สูงมาก": 64
  },
  "sdgs": {
    "2": 60,
    "8": 93,
    "9": 44,
    "11": 44,
    "12": 25,
    "14": 6,
    "3": 7,
    "15": 54,
    "6": 41,
    "13": 51,
    "17": 12,
    "4": 16,
    "1": 5,
    "16": 3,
    "10": 7,
    "7": 1
  },
  "budgetByCategory": {
    "เกษตร": {
      "amount": 514438050.0,
      "percent": 48.17
    },
    "ท่องเที่ยว": {
      "amount": 236501878.84,
      "percent": 22.15
    },
    "การค้า": {
      "amount": 176090000.0,
      "percent": 16.49
    },
    "สังคม": {
      "amount": 67284000.0,
      "percent": 6.3
    },
    "ทรัพยากร": {
      "amount": 73606990.0,
      "percent": 6.89
    }
  },
  "budgetByAlignment": {
    "ปานกลาง": {
      "amount": 276290000.0,
      "percent": 25.87
    },
    "สูง": {
      "amount": 117806300.0,
      "percent": 11.03
    },
    "สูงมาก": {
      "amount": 673824618.8399999,
      "percent": 63.1
    }
  },
  "budgetBySdg": {
    "2": {
      "amount": 514871950.0,
      "percent": 48.21
    },
    "8": {
      "amount": 797090128.8399999,
      "percent": 74.64
    },
    "9": {
      "amount": 262716928.84,
      "percent": 24.6
    },
    "11": {
      "amount": 496379878.84000003,
      "percent": 46.48
    },
    "12": {
      "amount": 135648828.84,
      "percent": 12.7
    },
    "14": {
      "amount": 6563700.0,
      "percent": 0.61
    },
    "3": {
      "amount": 89764190.0,
      "percent": 8.41
    },
    "15": {
      "amount": 652303800.0,
      "percent": 61.08
    },
    "6": {
      "amount": 479556000.0,
      "percent": 44.91
    },
    "13": {
      "amount": 683523690.0,
      "percent": 64.01
    },
    "17": {
      "amount": 167037190.0,
      "percent": 15.64
    },
    "4": {
      "amount": 78026550.0,
      "percent": 7.31
    },
    "1": {
      "amount": 3090000.0,
      "percent": 0.29
    },
    "16": {
      "amount": 60310100.0,
      "percent": 5.65
    },
    "10": {
      "amount": 7640600.0,
      "percent": 0.72
    },
    "7": {
      "amount": 1893000.0,
      "percent": 0.18
    }
  }
}